Timestamp,Sensor_ID,Temperature,Humidity,Vibration_Level,Material_Usage,Energy_Consumption,Worker_Count,Task_Progress,Safety_Incidents,Resource_Utilization,Risk_Score,Simulation_Accuracy,Optimization_Suggestion,Performance_Score
2023-01-01 00:00:00,SN-SITE-001,24.79,59.2,18.27,2.19,336.84,29,0.0,0,74.96,34.2,0.75,Increase Machinery Efficiency,Poor
2023-01-01 00:01:00,SN-SITE-002,28.12,62.85,10.86,1.0,295.14,26,0.0121,0,72.65,28.2,0.5,Increase Machinery Efficiency,Poor
2023-01-01 00:02:00,SN-SITE-003,25.49,65.64,9.11,13.97,336.84,32,0.0053,0,67.13,24.88,0.81,Increase Machinery Efficiency,Poor
2023-01-01 00:03:00,SN-SITE-004,27.1,54.15,6.62,13.38,299.69,31,0.0,1,42.32,28.74,0.86,Enhance Safety Measures,Poor
2023-01-01 00:04:00,SN-SITE-005,24.91,62.04,48.0,6.05,381.21,28,0.0221,1,59.59,49.97,0.56,Increase Machinery Efficiency,Poor
2023-01-01 00:05:00,SN-SITE-001,25.07,56.46,4.68,13.65,323.98,35,0.0,0,82.15,29.91,0.13,Increase Machinery Efficiency,Poor
2023-01-01 00:06:00,SN-SITE-002,26.34,57.76,34.56,5.24,350.87,25,0.0,0,89.79,43.55,0.18,Increase Machinery Efficiency,Poor
2023-01-01 00:07:00,SN-SITE-003,26.48,59.8,16.33,6.19,329.63,32,0.0353,0,73.16,25.15,0.78,Increase Machinery Efficiency,Poor
2023-01-01 00:08:00,SN-SITE-004,25.11,60.52,8.54,8.77,327.75,32,0.0259,0,68.28,31.22,0.44,Increase Machinery Efficiency,Poor
2023-01-01 00:09:00,SN-SITE-005,21.76,64.63,16.87,31.57,329.71,32,0.0489,2,67.19,49.01,0.77,Enhance Safety Measures,Poor
2023-01-01 00:10:00,SN-SITE-001,25.1,59.97,5.96,26.19,293.91,29,0.0009,0,65.3,27.95,0.41,Increase Machinery Efficiency,Poor
2023-01-01 00:11:00,SN-SITE-002,26.41,59.32,27.66,9.79,378.41,32,0.0237,0,70.04,34.28,0.34,Increase Machinery Efficiency,Poor
2023-01-01 00:12:00,SN-SITE-003,25.45,57.31,5.62,24.23,169.01,31,0.0478,0,0.0,6.5,0.38,Increase Machinery Efficiency,Poor
2023-01-01 00:13:00,SN-SITE-004,26.14,56.0,1.97,18.81,304.17,32,0.0,0,60.24,21.07,0.28,Increase Machinery Efficiency,Poor
2023-01-01 00:14:00,SN-SITE-005,25.89,55.65,32.16,13.44,222.84,30,0.025,0,0.0,15.07,0.54,Increase Machinery Efficiency,Poor
2023-01-01 00:15:00,SN-SITE-001,23.37,61.62,19.1,10.26,312.21,25,0.0723,0,86.02,33.25,0.36,Increase Machinery Efficiency,Poor
2023-01-01 00:16:00,SN-SITE-002,26.88,56.39,28.47,11.14,353.12,28,0.0115,0,68.04,35.43,0.06,Increase Machinery Efficiency,Poor
2023-01-01 00:17:00,SN-SITE-003,24.72,63.8,28.03,54.87,369.73,31,0.0197,0,53.34,28.44,0.06,Increase Machinery Efficiency,Poor
2023-01-01 00:18:00,SN-SITE-004,24.88,60.77,24.5,25.7,359.24,29,0.046,0,61.0,34.4,0.26,Increase Machinery Efficiency,Poor
2023-01-01 00:19:00,SN-SITE-005,26.55,62.65,1.52,20.42,298.13,30,0.0034,0,68.34,18.58,0.6,Increase Machinery Efficiency,Poor
2023-01-01 00:20:00,SN-SITE-001,24.6,58.21,4.75,31.6,301.3,31,0.0367,0,65.49,23.27,0.23,Increase Machinery Efficiency,Poor
2023-01-01 00:21:00,SN-SITE-002,26.12,63.19,12.26,14.12,317.95,32,0.0533,0,56.33,25.45,0.29,Increase Machinery Efficiency,Poor
2023-01-01 00:22:00,SN-SITE-003,24.48,57.57,16.68,16.73,318.94,28,0.0373,0,65.2,27.85,0.43,Increase Machinery Efficiency,Poor
2023-01-01 00:23:00,SN-SITE-004,25.52,58.53,5.71,35.64,327.43,33,0.0619,0,70.06,28.16,0.81,Increase Machinery Efficiency,Poor
2023-01-01 00:24:00,SN-SITE-005,25.28,54.11,13.48,28.15,327.89,28,0.0277,0,54.78,27.86,0.96,Increase Machinery Efficiency,Poor
2023-01-01 00:25:00,SN-SITE-001,25.18,54.27,20.72,20.95,347.29,33,0.0,0,63.53,28.33,0.71,Increase Machinery Efficiency,Poor
2023-01-01 00:26:00,SN-SITE-002,24.68,56.42,3.11,45.42,344.38,35,0.0496,0,83.52,33.14,0.78,Increase Machinery Efficiency,Poor
2023-01-01 00:27:00,SN-SITE-003,25.87,59.55,10.11,20.85,325.68,32,0.0583,0,68.09,22.77,0.75,Increase Machinery Efficiency,Poor
2023-01-01 00:28:00,SN-SITE-004,26.16,59.32,4.03,62.98,327.44,36,0.043,0,81.49,29.83,0.24,Increase Machinery Efficiency,Poor
2023-01-01 00:29:00,SN-SITE-005,27.4,60.42,9.2,26.8,140.24,26,0.0704,0,0.0,6.95,0.73,Increase Machinery Efficiency,Poor
2023-01-01 00:30:00,SN-SITE-001,25.18,58.86,6.11,27.45,300.47,29,0.1002,0,78.24,24.93,0.55,Increase Machinery Efficiency,Average
2023-01-01 00:31:00,SN-SITE-002,26.16,53.12,9.37,38.08,315.6,29,0.0546,0,64.21,30.75,0.34,Increase Machinery Efficiency,Poor
2023-01-01 00:32:00,SN-SITE-003,29.42,56.32,8.08,23.72,303.49,27,0.0605,0,65.55,24.54,0.37,Increase Machinery Efficiency,Poor
2023-01-01 00:33:00,SN-SITE-004,26.74,56.53,19.71,25.78,325.02,31,0.0856,0,61.28,27.31,0.12,Increase Machinery Efficiency,Poor
2023-01-01 00:34:00,SN-SITE-005,26.91,59.2,2.57,38.86,168.42,30,0.0567,0,0.0,7.67,0.14,Increase Machinery Efficiency,Poor
2023-01-01 00:35:00,SN-SITE-001,26.87,60.17,38.32,36.09,383.0,29,0.0986,0,69.67,34.31,0.49,Increase Machinery Efficiency,Poor
2023-01-01 00:36:00,SN-SITE-002,23.7,55.47,18.24,33.31,329.41,30,0.0627,0,75.63,30.33,0.16,Increase Machinery Efficiency,Poor
2023-01-01 00:37:00,SN-SITE-003,25.92,53.14,5.31,27.48,289.16,27,0.0766,0,74.05,27.73,0.45,Increase Machinery Efficiency,Poor
2023-01-01 00:38:00,SN-SITE-004,23.11,58.91,16.99,30.27,184.3,30,0.0684,0,0.0,9.33,0.56,Increase Machinery Efficiency,Poor
2023-01-01 00:39:00,SN-SITE-005,27.65,61.59,12.85,31.54,355.75,37,0.0487,0,94.7,35.68,0.28,Increase Machinery Efficiency,Poor
2023-01-01 00:40:00,SN-SITE-001,28.94,61.57,9.06,51.99,310.64,28,0.0953,0,73.35,30.52,0.52,Increase Machinery Efficiency,Poor
2023-01-01 00:41:00,SN-SITE-002,25.63,56.33,6.96,41.16,290.91,29,0.0867,0,79.57,35.9,0.95,Increase Machinery Efficiency,Poor
2023-01-01 00:42:00,SN-SITE-003,29.1,56.7,8.15,40.19,194.22,36,0.0797,0,0.0,11.48,0.57,Increase Machinery Efficiency,Poor
2023-01-01 00:43:00,SN-SITE-004,24.81,55.38,3.91,44.25,312.92,37,0.1114,0,81.85,29.68,1.2,Increase Machinery Efficiency,Poor
2023-01-01 00:44:00,SN-SITE-005,24.74,60.89,6.98,46.83,308.84,33,0.1087,0,57.57,22.75,0.09,Increase Machinery Efficiency,Poor
2023-01-01 00:45:00,SN-SITE-001,27.39,56.62,43.84,50.82,401.37,32,0.1017,0,53.92,34.91,0.11,Increase Machinery Efficiency,Poor
2023-01-01 00:46:00,SN-SITE-002,25.37,59.13,17.02,36.03,305.48,27,0.0795,0,59.22,21.47,0.5,Increase Machinery Efficiency,Poor
2023-01-01 00:47:00,SN-SITE-003,25.88,57.06,13.07,35.15,320.96,33,0.09,0,59.86,26.85,0.14,Increase Machinery Efficiency,Poor
2023-01-01 00:48:00,SN-SITE-004,28.29,59.65,10.02,58.28,152.11,29,0.1402,0,0.0,11.5,0.5,Increase Machinery Efficiency,Poor
2023-01-01 00:49:00,SN-SITE-005,25.24,61.83,21.31,40.36,370.37,38,0.075,0,72.54,32.37,0.94,Increase Machinery Efficiency,Poor
2023-01-01 00:50:00,SN-SITE-001,26.31,56.28,7.43,50.07,309.98,30,0.1166,0,61.15,25.02,0.56,Increase Machinery Efficiency,Poor
2023-01-01 00:51:00,SN-SITE-002,26.59,57.47,48.0,42.33,436.53,37,0.1539,2,64.47,62.88,0.74,Increase Machinery Efficiency,Poor
2023-01-01 00:52:00,SN-SITE-003,27.37,56.55,13.61,40.21,343.93,33,0.1188,0,57.76,29.62,0.61,Increase Machinery Efficiency,Poor
2023-01-01 00:53:00,SN-SITE-004,27.93,56.08,29.86,51.76,360.24,28,0.1412,3,74.63,71.3,0.56,Increase Machinery Efficiency,Poor
2023-01-01 00:54:00,SN-SITE-005,26.71,54.43,23.7,45.06,192.58,29,0.1647,0,0.0,19.84,0.22,Increase Machinery Efficiency,Poor
2023-01-01 00:55:00,SN-SITE-001,25.1,52.7,14.44,42.32,329.61,31,0.1241,0,65.65,25.13,0.17,Increase Machinery Efficiency,Poor
2023-01-01 00:56:00,SN-SITE-002,28.45,48.88,4.02,47.12,312.07,34,0.1484,0,68.05,24.18,0.06,Increase Machinery Efficiency,Poor
2023-01-01 00:57:00,SN-SITE-003,31.28,56.32,25.67,53.31,381.71,34,0.0823,0,66.24,26.62,1.17,Increase Machinery Efficiency,Poor
2023-01-01 00:58:00,SN-SITE-004,28.23,55.81,7.87,60.48,316.29,35,0.1054,0,62.77,24.03,0.16,Increase Machinery Efficiency,Poor
2023-01-01 00:59:00,SN-SITE-005,27.88,58.56,33.47,47.96,405.58,38,0.124,0,68.98,35.4,0.34,Increase Machinery Efficiency,Poor
2023-01-01 01:00:00,SN-SITE-001,26.51,55.21,11.59,63.3,325.87,35,0.1357,0,65.58,30.23,0.25,Increase Machinery Efficiency,Poor
2023-01-01 01:01:00,SN-SITE-002,26.73,50.77,6.55,49.89,342.95,37,0.1371,0,57.3,25.63,0.1,Increase Machinery Efficiency,Poor
2023-01-01 01:02:00,SN-SITE-003,25.05,58.0,6.13,81.74,329.74,37,0.1351,3,72.54,62.51,1.08,Adjust Schedule,Poor
2023-01-01 01:03:00,SN-SITE-004,28.1,62.99,14.48,55.15,187.17,29,0.0984,0,0.0,14.75,0.45,Increase Machinery Efficiency,Poor
2023-01-01 01:04:00,SN-SITE-005,27.0,54.61,30.69,79.62,374.17,36,0.1296,0,63.77,30.94,0.56,Increase Machinery Efficiency,Poor
2023-01-01 01:05:00,SN-SITE-001,29.17,58.19,4.27,63.16,316.72,34,0.1519,0,71.45,24.03,0.69,Increase Machinery Efficiency,Poor
2023-01-01 01:06:00,SN-SITE-002,25.72,59.06,6.46,55.7,347.78,38,0.1024,0,63.47,22.61,0.62,Increase Machinery Efficiency,Poor
2023-01-01 01:07:00,SN-SITE-003,29.35,52.44,22.9,61.95,364.36,33,0.1385,0,69.52,30.74,0.78,Increase Machinery Efficiency,Poor
2023-01-01 01:08:00,SN-SITE-004,26.87,52.75,12.13,61.11,338.59,30,0.1783,0,72.27,25.67,0.06,Increase Machinery Efficiency,Poor
2023-01-01 01:09:00,SN-SITE-005,26.46,57.14,23.59,60.99,362.06,34,0.1443,0,63.06,33.57,0.59,Increase Machinery Efficiency,Poor
2023-01-01 01:10:00,SN-SITE-001,26.68,53.38,8.31,62.48,330.87,34,0.1691,0,71.92,30.31,0.38,Increase Machinery Efficiency,Poor
2023-01-01 01:11:00,SN-SITE-002,26.53,51.22,22.49,60.82,360.22,38,0.1491,0,77.86,31.93,0.8,Increase Machinery Efficiency,Poor
2023-01-01 01:12:00,SN-SITE-003,24.34,56.22,20.83,59.98,340.17,29,0.1508,0,70.11,38.87,0.69,Increase Machinery Efficiency,Poor
2023-01-01 01:13:00,SN-SITE-004,28.46,62.09,0.55,64.4,318.63,36,0.1482,0,78.92,22.84,0.46,Increase Machinery Efficiency,Poor
2023-01-01 01:14:00,SN-SITE-005,28.7,50.48,48.0,70.51,430.1,35,0.1462,0,55.45,37.06,0.87,Increase Machinery Efficiency,Poor
2023-01-01 01:15:00,SN-SITE-001,29.49,52.51,16.87,62.5,335.96,34,0.142,0,65.0,30.26,0.92,Increase Machinery Efficiency,Poor
2023-01-01 01:16:00,SN-SITE-002,28.66,56.47,23.0,68.83,335.06,31,0.161,0,76.37,36.68,0.41,Increase Machinery Efficiency,Poor
2023-01-01 01:17:00,SN-SITE-003,28.62,53.12,42.69,87.73,447.35,38,0.1449,0,70.9,36.05,0.73,Increase Machinery Efficiency,Poor
2023-01-01 01:18:00,SN-SITE-004,25.15,53.59,10.39,63.87,332.8,36,0.1477,0,81.29,34.36,0.72,Increase Machinery Efficiency,Poor
2023-01-01 01:19:00,SN-SITE-005,27.98,54.1,48.0,72.08,417.69,32,0.1458,0,72.83,45.23,0.32,Increase Machinery Efficiency,Poor
2023-01-01 01:20:00,SN-SITE-001,26.04,53.51,11.31,76.36,330.58,33,0.1534,2,76.77,58.8,0.29,Enhance Safety Measures,Poor
2023-01-01 01:21:00,SN-SITE-002,27.35,53.96,0.81,70.96,303.13,37,0.1555,0,65.8,24.87,0.26,Increase Machinery Efficiency,Poor
2023-01-01 01:22:00,SN-SITE-003,29.9,52.83,36.84,76.11,265.56,36,0.1772,0,0.0,15.53,0.42,Increase Machinery Efficiency,Poor
2023-01-01 01:23:00,SN-SITE-004,27.88,57.0,20.74,73.09,353.98,30,0.1875,0,66.81,35.62,0.44,Increase Machinery Efficiency,Poor
2023-01-01 01:24:00,SN-SITE-005,23.95,53.29,17.89,100.02,373.07,38,0.1774,0,72.41,29.21,0.99,Increase Machinery Efficiency,Poor
2023-01-01 01:25:00,SN-SITE-001,26.4,52.44,8.85,71.32,341.97,35,0.1751,0,80.79,36.49,0.4,Increase Machinery Efficiency,Poor
2023-01-01 01:26:00,SN-SITE-002,27.08,55.04,33.94,72.06,408.41,38,0.1529,0,59.3,37.18,0.26,Increase Machinery Efficiency,Poor
2023-01-01 01:27:00,SN-SITE-003,27.63,56.49,1.99,83.05,342.55,37,0.1554,0,68.99,24.03,0.86,Increase Machinery Efficiency,Poor
2023-01-01 01:28:00,SN-SITE-004,29.4,55.34,21.47,74.84,331.54,31,0.1794,1,72.77,49.83,0.39,Enhance Safety Measures,Poor
2023-01-01 01:29:00,SN-SITE-005,29.28,55.75,35.45,81.84,270.43,38,0.1774,1,0.0,36.18,0.25,Increase Machinery Efficiency,Poor
2023-01-01 01:30:00,SN-SITE-001,29.28,57.99,26.66,79.87,350.14,31,0.1639,0,75.03,33.81,0.94,Increase Machinery Efficiency,Poor
2023-01-01 01:31:00,SN-SITE-002,28.44,48.0,34.98,83.29,386.45,36,0.1693,0,77.1,40.0,0.41,Increase Machinery Efficiency,Poor
2023-01-01 01:32:00,SN-SITE-003,27.68,50.41,22.82,103.52,352.94,30,0.1646,0,60.01,32.74,0.01,Increase Machinery Efficiency,Poor
2023-01-01 01:33:00,SN-SITE-004,27.62,51.13,48.0,96.0,270.42,35,0.1682,0,0.0,23.44,0.36,Increase Machinery Efficiency,Poor
2023-01-01 01:34:00,SN-SITE-005,28.84,50.12,25.07,79.21,369.22,33,0.2438,0,75.67,37.27,0.94,Increase Machinery Efficiency,Average
2023-01-01 01:35:00,SN-SITE-001,29.62,54.25,8.55,80.15,369.6,41,0.2009,0,74.63,27.57,0.8,Increase Machinery Efficiency,Poor
2023-01-01 01:36:00,SN-SITE-002,30.58,53.99,5.18,80.98,340.19,40,0.2085,0,81.44,30.27,0.66,Increase Machinery Efficiency,Average
2023-01-01 01:37:00,SN-SITE-003,28.43,57.29,14.12,100.75,344.98,37,0.1989,0,79.21,31.53,0.39,Increase Machinery Efficiency,Poor
2023-01-01 01:38:00,SN-SITE-004,28.76,53.25,25.5,81.33,388.92,38,0.195,0,85.32,39.55,0.81,Increase Machinery Efficiency,Poor
2023-01-01 01:39:00,SN-SITE-005,30.58,50.07,4.84,96.92,312.06,36,0.1794,1,72.55,34.34,0.58,Enhance Safety Measures,Poor
2023-01-01 01:40:00,SN-SITE-001,26.75,58.09,21.89,83.05,399.41,41,0.2227,0,74.8,37.3,0.32,Increase Machinery Efficiency,Poor
2023-01-01 01:41:00,SN-SITE-002,29.64,57.31,14.57,119.02,329.69,32,0.2519,0,63.46,27.25,0.65,Increase Machinery Efficiency,Average
2023-01-01 01:42:00,SN-SITE-003,27.26,54.43,19.18,92.73,326.46,32,0.1866,1,67.92,37.68,0.71,Enhance Safety Measures,Poor
2023-01-01 01:43:00,SN-SITE-004,30.87,59.09,7.02,88.78,312.13,34,0.227,0,64.26,22.72,0.65,Increase Machinery Efficiency,Average
2023-01-01 01:44:00,SN-SITE-005,30.62,62.2,17.18,94.26,349.51,32,0.2211,0,61.95,31.38,0.65,Increase Machinery Efficiency,Poor
2023-01-01 01:45:00,SN-SITE-001,31.01,51.67,13.51,100.84,347.88,34,0.1986,0,81.95,32.02,1.33,Increase Machinery Efficiency,Poor
2023-01-01 01:46:00,SN-SITE-002,30.88,51.52,8.36,100.73,348.1,38,0.2141,1,64.16,40.45,0.51,Enhance Safety Measures,Poor
2023-01-01 01:47:00,SN-SITE-003,29.86,55.91,10.51,92.47,336.99,31,0.1911,0,66.16,29.55,0.73,Increase Machinery Efficiency,Poor
2023-01-01 01:48:00,SN-SITE-004,27.1,52.33,4.56,108.92,319.96,31,0.2244,0,66.47,25.34,0.49,Increase Machinery Efficiency,Average
2023-01-01 01:49:00,SN-SITE-005,29.41,55.76,7.56,100.62,337.18,34,0.2373,1,68.41,35.95,0.14,Enhance Safety Measures,Poor
2023-01-01 01:50:00,SN-SITE-001,30.04,55.61,18.68,121.07,338.02,34,0.2131,0,64.18,33.32,0.4,Increase Machinery Efficiency,Poor
2023-01-01 01:51:00,SN-SITE-002,29.44,51.51,25.71,94.74,216.65,32,0.2399,0,0.0,12.83,0.85,Increase Machinery Efficiency,Poor
2023-01-01 01:52:00,SN-SITE-003,28.58,56.32,25.88,106.36,259.02,41,0.1999,1,0.0,23.31,0.84,Enhance Safety Measures,Poor
2023-01-01 01:53:00,SN-SITE-004,29.02,55.45,15.17,95.59,339.3,35,0.2729,0,86.68,41.08,0.47,Increase Machinery Efficiency,Average
2023-01-01 01:54:00,SN-SITE-005,29.4,52.12,9.74,96.76,368.43,42,0.249,0,77.86,33.31,0.43,Increase Machinery Efficiency,Average
2023-01-01 01:55:00,SN-SITE-001,27.31,56.37,16.88,123.29,364.59,38,0.2412,0,83.83,33.65,0.51,Increase Machinery Efficiency,Average
2023-01-01 01:56:00,SN-SITE-002,29.9,62.18,2.32,107.99,297.57,32,0.2295,0,59.92,22.62,0.68,Increase Machinery Efficiency,Poor
2023-01-01 01:57:00,SN-SITE-003,29.74,55.14,15.34,99.92,347.75,36,0.1779,0,71.55,30.25,0.65,Increase Machinery Efficiency,Poor
2023-01-01 01:58:00,SN-SITE-004,28.74,48.56,5.34,98.16,309.02,32,0.2152,0,59.5,22.93,0.26,Increase Machinery Efficiency,Poor
2023-01-01 01:59:00,SN-SITE-005,29.97,51.83,26.63,101.87,396.03,35,0.2606,0,78.59,38.55,0.46,Increase Machinery Efficiency,Average
2023-01-01 02:00:00,SN-SITE-001,30.75,51.29,33.71,104.22,361.79,33,0.2192,0,77.6,45.53,0.31,Increase Machinery Efficiency,Poor
2023-01-01 02:01:00,SN-SITE-002,27.51,50.24,7.89,132.67,350.37,40,0.2288,1,77.02,36.03,0.21,Enhance Safety Measures,Poor
2023-01-01 02:02:00,SN-SITE-003,31.27,54.27,10.92,115.92,353.54,38,0.2558,0,77.59,27.68,0.58,Increase Machinery Efficiency,Average
2023-01-01 02:03:00,SN-SITE-004,30.61,58.29,12.6,110.21,372.1,41,0.2655,0,66.05,30.96,0.7,Increase Machinery Efficiency,Poor
2023-01-01 02:04:00,SN-SITE-005,30.63,53.06,16.85,103.55,357.14,40,0.2297,0,73.48,34.36,0.41,Increase Machinery Efficiency,Poor
2023-01-01 02:05:00,SN-SITE-001,30.65,49.35,11.52,112.26,345.32,41,0.2573,0,82.3,36.42,0.94,Increase Machinery Efficiency,Average
2023-01-01 02:06:00,SN-SITE-002,30.25,53.87,7.64,110.26,178.79,37,0.2914,0,0.0,12.73,0.51,Increase Machinery Efficiency,Poor
2023-01-01 02:07:00,SN-SITE-003,29.21,48.61,9.42,111.42,342.94,36,0.2648,0,67.77,22.34,0.81,Increase Machinery Efficiency,Average
2023-01-01 02:08:00,SN-SITE-004,28.14,54.84,11.3,110.57,327.41,33,0.2481,0,70.36,29.51,1.03,Increase Machinery Efficiency,Poor
2023-01-01 02:09:00,SN-SITE-005,30.04,52.8,10.81,110.05,318.04,33,0.2576,0,84.04,32.9,0.33,Increase Machinery Efficiency,Average
2023-01-01 02:10:00,SN-SITE-001,29.5,50.43,12.22,127.59,193.24,38,0.228,0,0.0,9.17,0.44,Increase Machinery Efficiency,Poor
2023-01-01 02:11:00,SN-SITE-002,28.29,49.63,15.77,126.35,338.52,35,0.2853,3,66.06,66.62,0.85,Adjust Schedule,Poor
2023-01-01 02:12:00,SN-SITE-003,32.0,53.2,3.27,126.15,331.8,40,0.2804,0,69.32,30.1,0.38,Increase Machinery Efficiency,Average
2023-01-01 02:13:00,SN-SITE-004,30.65,55.41,26.38,116.6,400.35,43,0.278,0,71.21,31.77,0.52,Increase Machinery Efficiency,Average
2023-01-01 02:14:00,SN-SITE-005,28.95,55.89,32.54,118.85,415.24,39,0.2815,0,77.85,36.36,1.04,Increase Machinery Efficiency,Average
2023-01-01 02:15:00,SN-SITE-001,27.08,52.21,10.38,117.12,215.65,36,0.2709,0,0.0,7.99,0.54,Increase Machinery Efficiency,Poor
2023-01-01 02:16:00,SN-SITE-002,28.22,52.59,48.0,117.23,453.16,41,0.2823,0,77.62,43.82,0.21,Increase Machinery Efficiency,Poor
2023-01-01 02:17:00,SN-SITE-003,30.24,51.04,29.86,130.75,231.88,37,0.2461,2,0.0,38.08,0.58,Increase Machinery Efficiency,Poor
2023-01-01 02:18:00,SN-SITE-004,29.14,48.75,30.67,137.91,381.15,37,0.2732,0,70.65,35.73,0.33,Increase Machinery Efficiency,Poor
2023-01-01 02:19:00,SN-SITE-005,27.58,49.05,12.91,137.18,360.34,43,0.2852,0,65.94,35.47,0.23,Increase Machinery Efficiency,Poor
2023-01-01 02:20:00,SN-SITE-001,29.99,55.56,3.11,129.94,200.57,43,0.2819,0,0.0,7.0,0.07,Increase Machinery Efficiency,Poor
2023-01-01 02:21:00,SN-SITE-002,29.38,49.26,21.8,119.28,245.25,39,0.2776,0,0.0,16.78,0.49,Increase Machinery Efficiency,Poor
2023-01-01 02:22:00,SN-SITE-003,29.04,55.96,11.59,131.32,346.6,38,0.2593,0,70.0,29.95,0.07,Increase Machinery Efficiency,Poor
2023-01-01 02:23:00,SN-SITE-004,27.81,49.5,6.85,135.22,352.33,43,0.2492,0,70.55,22.72,0.82,Increase Machinery Efficiency,Average
2023-01-01 02:24:00,SN-SITE-005,30.2,46.27,13.15,119.93,374.93,39,0.2793,0,82.7,30.8,0.85,Increase Machinery Efficiency,Average
2023-01-01 02:25:00,SN-SITE-001,28.12,49.4,30.73,119.7,402.2,41,0.3034,0,67.06,37.13,0.53,Increase Machinery Efficiency,Average
2023-01-01 02:26:00,SN-SITE-002,29.44,52.06,28.73,127.42,404.66,42,0.3283,0,78.75,31.97,0.52,Increase Machinery Efficiency,Average
2023-01-01 02:27:00,SN-SITE-003,31.53,50.53,27.43,128.97,384.19,39,0.2885,0,66.69,39.1,0.22,Increase Machinery Efficiency,Poor
2023-01-01 02:28:00,SN-SITE-004,31.68,52.57,8.26,122.97,196.17,43,0.3046,0,0.0,12.72,0.13,Increase Machinery Efficiency,Poor
2023-01-01 02:29:00,SN-SITE-005,29.65,57.48,11.49,141.47,361.67,38,0.2527,0,69.21,28.44,0.08,Increase Machinery Efficiency,Poor
2023-01-01 02:30:00,SN-SITE-001,25.25,51.8,40.16,126.9,407.56,34,0.3114,0,60.29,32.32,0.54,Increase Machinery Efficiency,Average
2023-01-01 02:31:00,SN-SITE-002,31.03,50.79,11.67,150.48,345.95,38,0.286,0,79.92,30.93,0.54,Increase Machinery Efficiency,Average
2023-01-01 02:32:00,SN-SITE-003,28.53,49.29,8.48,136.97,320.93,37,0.2904,0,68.72,30.31,0.28,Increase Machinery Efficiency,Average
2023-01-01 02:33:00,SN-SITE-004,27.86,50.05,8.82,127.27,354.19,40,0.3342,0,63.57,27.44,0.53,Increase Machinery Efficiency,Average
2023-01-01 02:34:00,SN-SITE-005,31.09,55.59,12.24,159.61,345.49,34,0.3018,0,74.51,31.9,1.4,Increase Machinery Efficiency,Average
2023-01-01 02:35:00,SN-SITE-001,27.23,54.11,15.57,133.32,221.03,38,0.309,1,0.0,26.69,1.08,Enhance Safety Measures,Poor
2023-01-01 02:36:00,SN-SITE-002,31.1,55.54,18.24,143.42,223.88,36,0.3035,0,0.0,10.26,0.91,Increase Machinery Efficiency,Poor
2023-01-01 02:37:00,SN-SITE-003,31.42,51.27,11.56,134.7,341.09,35,0.2884,0,61.3,29.53,0.3,Increase Machinery Efficiency,Poor
2023-01-01 02:38:00,SN-SITE-004,30.84,48.62,48.0,133.25,453.28,39,0.3314,0,65.52,36.32,0.13,Increase Machinery Efficiency,Average
2023-01-01 02:39:00,SN-SITE-005,30.43,50.64,39.39,135.54,420.46,36,0.3342,0,79.72,40.13,0.97,Increase Machinery Efficiency,Average
2023-01-01 02:40:00,SN-SITE-001,29.97,49.68,34.62,133.11,409.4,38,0.3156,0,72.5,34.34,0.65,Increase Machinery Efficiency,Average
2023-01-01 02:41:00,SN-SITE-002,29.44,54.63,9.01,137.43,341.48,38,0.3093,1,68.82,36.54,0.01,Enhance Safety Measures,Poor
2023-01-01 02:42:00,SN-SITE-003,28.57,52.57,11.58,146.63,352.46,40,0.3267,0,69.32,29.28,0.49,Increase Machinery Efficiency,Average
2023-01-01 02:43:00,SN-SITE-004,33.77,44.68,13.09,146.64,368.4,38,0.329,0,75.15,31.75,0.28,Increase Machinery Efficiency,Average
2023-01-01 02:44:00,SN-SITE-005,29.58,46.69,36.74,169.71,398.45,37,0.3422,0,74.67,39.77,0.39,Increase Machinery Efficiency,Average
2023-01-01 02:45:00,SN-SITE-001,28.89,49.31,1.33,153.29,337.83,44,0.3257,0,68.22,29.74,0.58,Increase Machinery Efficiency,Average
2023-01-01 02:46:00,SN-SITE-002,30.16,55.25,24.38,139.09,379.82,34,0.3568,0,58.87,30.58,0.57,Increase Machinery Efficiency,Average
2023-01-01 02:47:00,SN-SITE-003,31.19,48.01,16.04,148.0,363.42,39,0.3605,0,66.35,31.94,0.06,Increase Machinery Efficiency,Average
2023-01-01 02:48:00,SN-SITE-004,31.88,50.5,8.23,142.08,365.04,41,0.3204,0,62.35,24.45,0.89,Increase Machinery Efficiency,Average
2023-01-01 02:49:00,SN-SITE-005,30.04,51.16,15.33,149.98,362.99,42,0.3074,0,78.61,31.88,0.7,Increase Machinery Efficiency,Average
2023-01-01 02:50:00,SN-SITE-001,30.12,51.5,4.36,149.06,326.19,38,0.3465,1,66.31,37.27,0.89,Enhance Safety Measures,Poor
2023-01-01 02:51:00,SN-SITE-002,29.23,51.67,7.44,148.43,341.47,39,0.3626,0,73.93,28.0,0.61,Increase Machinery Efficiency,Average
2023-01-01 02:52:00,SN-SITE-003,30.07,48.12,14.45,140.64,194.45,39,0.3405,0,0.0,10.35,0.92,Increase Machinery Efficiency,Poor
2023-01-01 02:53:00,SN-SITE-004,31.78,52.66,4.16,143.48,354.69,43,0.3718,0,89.28,28.01,0.32,Increase Machinery Efficiency,Average
2023-01-01 02:54:00,SN-SITE-005,30.41,47.78,5.73,144.05,362.34,41,0.3639,0,67.32,20.74,0.3,Increase Machinery Efficiency,Average
2023-01-01 02:55:00,SN-SITE-001,29.98,52.41,13.7,144.95,218.92,41,0.335,0,0.0,12.97,0.51,Increase Machinery Efficiency,Poor
2023-01-01 02:56:00,SN-SITE-002,30.81,48.54,23.07,143.94,380.8,39,0.3684,0,59.49,32.7,0.56,Increase Machinery Efficiency,Average
2023-01-01 02:57:00,SN-SITE-003,29.41,48.19,15.49,146.0,356.78,36,0.358,0,61.83,29.55,0.42,Increase Machinery Efficiency,Average
2023-01-01 02:58:00,SN-SITE-004,27.37,49.29,20.13,151.22,346.96,35,0.3655,0,76.24,38.18,0.19,Increase Machinery Efficiency,Average
2023-01-01 02:59:00,SN-SITE-005,29.9,46.98,17.97,156.36,373.8,36,0.3371,0,84.28,38.86,0.77,Increase Machinery Efficiency,Average
2023-01-01 03:00:00,SN-SITE-001,26.17,50.69,10.87,157.99,365.84,43,0.3916,0,71.68,26.95,0.65,Increase Machinery Efficiency,Average
2023-01-01 03:01:00,SN-SITE-002,30.28,55.51,9.06,147.72,363.55,43,0.3515,0,84.34,34.2,1.33,Increase Machinery Efficiency,Average
2023-01-01 03:02:00,SN-SITE-003,31.32,42.67,17.0,151.34,368.58,38,0.3422,0,70.94,31.78,0.6,Increase Machinery Efficiency,Average
2023-01-01 03:03:00,SN-SITE-004,32.21,50.36,23.18,174.17,258.3,41,0.3559,0,0.0,13.12,0.83,Increase Machinery Efficiency,Poor
2023-01-01 03:04:00,SN-SITE-005,31.55,42.15,46.08,157.81,437.08,35,0.3839,0,76.34,42.51,0.38,Increase Machinery Efficiency,Average
2023-01-01 03:05:00,SN-SITE-001,30.83,50.41,6.41,157.51,333.06,38,0.3927,0,74.71,29.23,0.48,Increase Machinery Efficiency,Average
2023-01-01 03:06:00,SN-SITE-002,29.26,42.83,19.11,164.1,362.03,40,0.3763,0,59.21,31.07,0.11,Increase Machinery Efficiency,Average
2023-01-01 03:07:00,SN-SITE-003,29.18,47.02,4.13,159.76,330.49,38,0.364,1,77.56,37.64,0.88,Enhance Safety Measures,Average
2023-01-01 03:08:00,SN-SITE-004,30.54,49.53,27.96,153.26,401.65,40,0.3866,0,71.04,36.38,0.54,Increase Machinery Efficiency,Average
2023-01-01 03:09:00,SN-SITE-005,29.58,44.9,48.0,160.08,469.57,42,0.3912,0,64.04,42.49,0.3,Increase Machinery Efficiency,Average
2023-01-01 03:10:00,SN-SITE-001,29.45,49.31,4.39,166.58,195.42,38,0.3806,0,0.0,12.39,0.84,Increase Machinery Efficiency,Poor
2023-01-01 03:11:00,SN-SITE-002,30.99,50.83,21.27,159.59,383.66,43,0.3768,0,77.42,29.46,0.13,Increase Machinery Efficiency,Average
2023-01-01 03:12:00,SN-SITE-003,29.67,51.22,16.56,161.33,382.44,42,0.4257,0,77.86,34.99,0.43,Increase Machinery Efficiency,Average
2023-01-01 03:13:00,SN-SITE-004,28.24,44.85,15.53,157.64,383.41,42,0.3602,0,72.98,33.64,0.4,Increase Machinery Efficiency,Average
2023-01-01 03:14:00,SN-SITE-005,30.66,51.08,14.72,161.94,182.19,36,0.3631,0,0.0,12.18,0.88,Increase Machinery Efficiency,Poor
2023-01-01 03:15:00,SN-SITE-001,29.59,47.13,12.36,166.17,359.87,38,0.3872,0,71.07,31.12,0.16,Increase Machinery Efficiency,Average
2023-01-01 03:16:00,SN-SITE-002,31.81,50.27,15.02,161.41,383.18,42,0.3984,0,62.7,28.55,0.47,Increase Machinery Efficiency,Average
2023-01-01 03:17:00,SN-SITE-003,33.0,51.96,14.98,171.9,377.93,41,0.3648,0,68.33,28.82,0.67,Increase Machinery Efficiency,Average
2023-01-01 03:18:00,SN-SITE-004,32.22,46.95,11.93,164.2,347.63,39,0.4261,0,75.95,26.75,0.34,Increase Machinery Efficiency,Average
2023-01-01 03:19:00,SN-SITE-005,31.76,49.92,32.13,163.05,386.67,37,0.4019,0,81.99,46.52,0.71,Increase Machinery Efficiency,Average
2023-01-01 03:20:00,SN-SITE-001,33.18,46.29,23.11,176.43,396.83,44,0.4291,0,71.68,29.28,0.79,Increase Machinery Efficiency,Average
2023-01-01 03:21:00,SN-SITE-002,29.68,45.04,19.09,177.96,241.63,40,0.4001,0,0.0,13.28,0.95,Increase Machinery Efficiency,Poor
2023-01-01 03:22:00,SN-SITE-003,30.31,51.92,9.83,174.39,376.0,45,0.4587,0,74.28,27.82,0.57,Increase Machinery Efficiency,Average
2023-01-01 03:23:00,SN-SITE-004,31.47,44.22,7.75,166.69,346.69,41,0.3869,0,69.32,29.62,0.3,Increase Machinery Efficiency,Average
2023-01-01 03:24:00,SN-SITE-005,30.62,51.84,5.33,175.13,365.89,44,0.4059,0,78.39,26.24,0.58,Increase Machinery Efficiency,Average
2023-01-01 03:25:00,SN-SITE-001,31.46,51.31,5.74,168.28,351.86,39,0.4236,0,90.63,35.13,0.87,Increase Machinery Efficiency,Average
2023-01-01 03:26:00,SN-SITE-002,30.69,44.51,7.72,170.71,173.06,39,0.4174,0,0.0,8.21,0.64,Increase Machinery Efficiency,Poor
2023-01-01 03:27:00,SN-SITE-003,30.89,46.73,5.52,171.3,361.43,46,0.4142,0,88.23,32.49,0.37,Increase Machinery Efficiency,Average
2023-01-01 03:28:00,SN-SITE-004,30.66,48.02,11.26,185.25,350.82,39,0.3842,0,64.18,30.4,0.37,Increase Machinery Efficiency,Average
2023-01-01 03:29:00,SN-SITE-005,32.44,44.27,7.39,178.84,378.71,46,0.4223,0,57.6,24.31,0.43,Increase Machinery Efficiency,Average
2023-01-01 03:30:00,SN-SITE-001,31.07,48.11,13.74,174.04,365.25,40,0.4304,0,67.96,35.68,0.53,Increase Machinery Efficiency,Average
2023-01-01 03:31:00,SN-SITE-002,29.4,46.33,15.37,175.36,365.44,40,0.4207,0,61.18,30.4,0.78,Increase Machinery Efficiency,Average
2023-01-01 03:32:00,SN-SITE-003,31.21,47.16,37.27,186.73,418.38,37,0.4509,0,75.67,35.81,0.36,Increase Machinery Efficiency,Average
2023-01-01 03:33:00,SN-SITE-004,30.5,44.01,8.04,191.44,358.58,42,0.4521,0,79.32,32.77,0.88,Increase Machinery Efficiency,Average
2023-01-01 03:34:00,SN-SITE-005,33.6,44.64,19.68,179.31,363.07,37,0.4049,0,68.19,36.62,0.53,Increase Machinery Efficiency,Average
2023-01-01 03:35:00,SN-SITE-001,32.0,47.15,20.39,194.03,408.34,43,0.4337,0,53.95,31.87,1.02,Increase Machinery Efficiency,Average
2023-01-01 03:36:00,SN-SITE-002,33.38,49.09,12.08,189.05,361.39,38,0.4359,0,82.68,26.96,0.87,Increase Machinery Efficiency,Average
2023-01-01 03:37:00,SN-SITE-003,31.66,50.21,6.91,191.65,342.19,38,0.4239,0,73.98,27.4,0.36,Increase Machinery Efficiency,Average
2023-01-01 03:38:00,SN-SITE-004,32.89,41.99,2.16,191.76,310.35,38,0.4224,0,63.19,24.18,0.88,Increase Machinery Efficiency,Average
2023-01-01 03:39:00,SN-SITE-005,32.68,46.68,9.12,198.77,235.38,47,0.4344,0,0.0,14.63,0.59,Increase Machinery Efficiency,Poor
2023-01-01 03:40:00,SN-SITE-001,32.39,53.9,25.2,193.83,274.42,46,0.4462,0,0.0,15.75,0.21,Increase Machinery Efficiency,Poor
2023-01-01 03:41:00,SN-SITE-002,28.96,48.46,18.42,182.81,407.34,47,0.4419,0,67.29,33.38,0.42,Increase Machinery Efficiency,Average
2023-01-01 03:42:00,SN-SITE-003,31.89,43.27,15.61,188.18,390.04,41,0.472,0,68.03,29.96,0.16,Increase Machinery Efficiency,Average
2023-01-01 03:43:00,SN-SITE-004,33.65,45.45,13.28,198.58,372.67,42,0.4496,0,67.33,34.63,0.49,Increase Machinery Efficiency,Average
2023-01-01 03:44:00,SN-SITE-005,31.65,48.39,10.4,185.7,203.45,37,0.4298,0,0.0,7.24,0.64,Increase Machinery Efficiency,Poor
2023-01-01 03:45:00,SN-SITE-001,33.41,50.2,7.69,188.48,199.69,40,0.4576,0,0.0,10.16,0.82,Increase Machinery Efficiency,Average
2023-01-01 03:46:00,SN-SITE-002,30.95,51.03,5.56,206.69,198.68,42,0.4365,0,0.0,6.37,0.47,Increase Machinery Efficiency,Average
2023-01-01 03:47:00,SN-SITE-003,31.23,53.01,19.94,192.69,384.64,40,0.4461,0,78.67,26.92,0.5,Increase Machinery Efficiency,Average
2023-01-01 03:48:00,SN-SITE-004,32.74,48.71,8.85,238.07,365.34,41,0.4839,0,78.73,28.9,0.55,Increase Machinery Efficiency,Average
2023-01-01 03:49:00,SN-SITE-005,29.61,49.69,19.06,220.16,372.76,41,0.4558,0,69.11,36.66,0.77,Increase Machinery Efficiency,Average
2023-01-01 03:50:00,SN-SITE-001,34.26,52.55,4.06,190.29,359.82,42,0.4279,0,67.92,30.63,0.7,Increase Machinery Efficiency,Average
2023-01-01 03:51:00,SN-SITE-002,31.35,53.52,22.95,194.56,380.84,38,0.4639,0,60.1,34.79,0.11,Increase Machinery Efficiency,Average
2023-01-01 03:52:00,SN-SITE-003,33.75,47.23,48.0,194.98,298.24,38,0.4549,0,0.0,27.42,0.28,Increase Machinery Efficiency,Poor
2023-01-01 03:53:00,SN-SITE-004,30.91,48.0,19.71,204.04,372.87,42,0.4732,1,74.0,39.48,0.65,Enhance Safety Measures,Average
2023-01-01 03:54:00,SN-SITE-005,32.95,52.64,17.09,195.14,412.89,46,0.4755,0,80.93,30.94,0.18,Increase Machinery Efficiency,Average
2023-01-01 03:55:00,SN-SITE-001,31.22,48.08,3.98,198.42,347.87,45,0.478,0,83.63,32.07,0.87,Increase Machinery Efficiency,Average
2023-01-01 03:56:00,SN-SITE-002,29.55,44.99,30.84,201.39,426.13,46,0.464,0,75.07,40.46,0.47,Increase Machinery Efficiency,Average
2023-01-01 03:57:00,SN-SITE-003,31.24,48.75,6.43,211.38,350.74,44,0.4804,0,82.21,35.08,0.68,Increase Machinery Efficiency,Average
2023-01-01 03:58:00,SN-SITE-004,31.72,45.95,16.56,225.28,231.78,42,0.4663,0,0.0,15.24,0.56,Increase Machinery Efficiency,Poor
2023-01-01 03:59:00,SN-SITE-005,32.63,50.06,15.31,202.13,360.92,42,0.4842,0,66.02,27.47,0.68,Increase Machinery Efficiency,Average
2023-01-01 04:00:00,SN-SITE-001,30.74,45.6,11.31,199.04,335.42,39,0.4641,0,52.87,26.59,0.5,Increase Machinery Efficiency,Average
2023-01-01 04:01:00,SN-SITE-002,32.73,53.16,1.44,201.94,191.1,41,0.4762,0,0.0,2.12,0.66,Increase Machinery Efficiency,Average
2023-01-01 04:02:00,SN-SITE-003,31.57,46.82,18.3,215.0,381.09,42,0.4802,0,57.51,28.96,0.65,Increase Machinery Efficiency,Average
2023-01-01 04:03:00,SN-SITE-004,29.01,46.98,15.34,205.39,388.65,41,0.503,0,76.96,33.81,0.03,Increase Machinery Efficiency,Average
2023-01-01 04:04:00,SN-SITE-005,33.47,47.81,6.07,205.83,392.18,48,0.4764,0,61.89,28.26,0.5,Increase Machinery Efficiency,Average
2023-01-01 04:05:00,SN-SITE-001,33.63,42.58,24.48,224.81,390.38,43,0.5028,0,84.73,34.89,0.22,Increase Machinery Efficiency,Average
2023-01-01 04:06:00,SN-SITE-002,31.49,48.77,10.62,209.89,396.08,45,0.4797,0,74.31,26.51,0.45,Increase Machinery Efficiency,Average
2023-01-01 04:07:00,SN-SITE-003,31.77,50.12,11.1,236.99,368.64,44,0.4656,0,81.47,38.21,0.47,Increase Machinery Efficiency,Average
2023-01-01 04:08:00,SN-SITE-004,31.28,38.85,13.81,223.07,374.23,40,0.5064,0,78.92,37.97,0.23,Increase Machinery Efficiency,Average
2023-01-01 04:09:00,SN-SITE-005,32.65,46.18,14.01,227.15,356.63,41,0.4824,0,80.21,30.6,0.64,Increase Machinery Efficiency,Average
2023-01-01 04:10:00,SN-SITE-001,31.21,47.21,25.43,209.47,443.46,47,0.5009,0,74.05,36.8,0.69,Increase Machinery Efficiency,Average
2023-01-01 04:11:00,SN-SITE-002,33.36,46.14,7.31,227.03,343.65,40,0.4957,0,71.93,29.37,0.42,Increase Machinery Efficiency,Average
2023-01-01 04:12:00,SN-SITE-003,31.91,48.82,39.1,220.32,263.76,39,0.5177,0,0.0,22.66,0.46,Increase Machinery Efficiency,Poor
2023-01-01 04:13:00,SN-SITE-004,30.2,45.52,48.0,234.16,316.58,43,0.5264,0,0.0,25.61,0.53,Increase Machinery Efficiency,Poor
2023-01-01 04:14:00,SN-SITE-005,33.19,46.12,10.69,226.48,351.73,38,0.4989,0,67.19,30.66,0.69,Increase Machinery Efficiency,Average
2023-01-01 04:15:00,SN-SITE-001,32.88,46.56,10.39,215.89,370.19,40,0.5194,0,72.53,31.36,0.48,Increase Machinery Efficiency,Average
2023-01-01 04:16:00,SN-SITE-002,29.42,48.44,29.27,213.88,432.74,45,0.553,0,67.77,34.97,0.82,Increase Machinery Efficiency,Average
2023-01-01 04:17:00,SN-SITE-003,32.48,43.65,25.81,221.9,418.97,47,0.5089,0,64.17,33.09,0.34,Increase Machinery Efficiency,Average
2023-01-01 04:18:00,SN-SITE-004,33.06,48.58,15.23,222.09,375.34,39,0.503,0,71.69,28.72,0.02,Increase Machinery Efficiency,Average
2023-01-01 04:19:00,SN-SITE-005,32.1,43.81,11.72,234.38,375.55,41,0.5228,0,69.65,35.82,0.17,Increase Machinery Efficiency,Average
2023-01-01 04:20:00,SN-SITE-001,31.53,48.93,39.57,220.55,440.71,43,0.5394,0,61.01,41.25,0.76,Increase Machinery Efficiency,Average
2023-01-01 04:21:00,SN-SITE-002,34.11,45.47,22.5,219.59,384.75,40,0.4976,0,60.43,27.96,0.08,Increase Machinery Efficiency,Average
2023-01-01 04:22:00,SN-SITE-003,31.29,40.9,29.72,221.23,427.56,43,0.527,2,77.46,63.74,0.91,Increase Machinery Efficiency,Poor
2023-01-01 04:23:00,SN-SITE-004,34.91,47.34,3.07,231.26,347.93,40,0.5371,0,81.54,32.15,0.73,Increase Machinery Efficiency,Average
2023-01-01 04:24:00,SN-SITE-005,31.23,45.14,23.19,222.29,392.47,45,0.4908,0,55.11,29.55,0.6,Increase Machinery Efficiency,Average
2023-01-01 04:25:00,SN-SITE-001,33.73,48.63,1.96,221.35,236.92,48,0.5467,0,0.0,10.29,0.68,Increase Machinery Efficiency,Average
2023-01-01 04:26:00,SN-SITE-002,35.04,48.11,1.47,224.78,347.05,43,0.5639,0,81.32,25.33,0.03,Increase Machinery Efficiency,Good
2023-01-01 04:27:00,SN-SITE-003,30.43,49.43,9.48,234.09,371.77,47,0.4878,0,75.97,35.51,0.36,Increase Machinery Efficiency,Average
2023-01-01 04:28:00,SN-SITE-004,33.08,47.9,14.68,253.53,215.03,40,0.5155,0,0.0,16.83,0.66,Increase Machinery Efficiency,Poor
2023-01-01 04:29:00,SN-SITE-005,31.3,49.15,32.31,234.67,416.18,43,0.5746,0,67.02,29.87,0.47,Increase Machinery Efficiency,Average
2023-01-01 04:30:00,SN-SITE-001,33.59,49.27,19.4,235.34,388.46,40,0.491,0,72.37,32.29,0.55,Increase Machinery Efficiency,Average
2023-01-01 04:31:00,SN-SITE-002,34.56,49.46,19.75,224.75,265.49,47,0.5445,0,0.0,17.21,0.21,Increase Machinery Efficiency,Average
2023-01-01 04:32:00,SN-SITE-003,35.08,42.78,26.34,238.13,389.84,42,0.5075,1,75.55,49.8,0.77,Enhance Safety Measures,Average
2023-01-01 04:33:00,SN-SITE-004,33.97,48.34,11.87,231.6,360.73,39,0.5159,0,74.45,30.83,0.61,Increase Machinery Efficiency,Average
2023-01-01 04:34:00,SN-SITE-005,31.95,51.68,10.42,243.09,344.1,41,0.5531,0,76.01,26.31,1.0,Increase Machinery Efficiency,Average
2023-01-01 04:35:00,SN-SITE-001,33.54,44.49,48.0,234.43,444.14,38,0.5478,0,62.55,40.7,0.65,Increase Machinery Efficiency,Average
2023-01-01 04:36:00,SN-SITE-002,36.42,47.87,21.06,230.41,382.62,40,0.5183,0,72.46,35.11,0.38,Increase Machinery Efficiency,Average
2023-01-01 04:37:00,SN-SITE-003,34.37,50.8,24.56,241.44,404.4,41,0.5757,0,82.22,37.85,0.5,Increase Machinery Efficiency,Average
2023-01-01 04:38:00,SN-SITE-004,35.84,48.32,15.01,253.01,399.52,46,0.5521,2,66.37,50.53,0.83,Adjust Schedule,Poor
2023-01-01 04:39:00,SN-SITE-005,34.25,43.9,20.23,235.65,397.18,45,0.5383,0,74.05,30.37,0.72,Increase Machinery Efficiency,Average
2023-01-01 04:40:00,SN-SITE-001,30.75,45.37,28.63,233.82,276.99,48,0.5484,0,0.0,17.71,0.75,Increase Machinery Efficiency,Average
2023-01-01 04:41:00,SN-SITE-002,32.15,50.11,42.36,251.69,323.56,49,0.5897,0,0.0,20.67,0.54,Increase Machinery Efficiency,Average
2023-01-01 04:42:00,SN-SITE-003,33.64,43.28,4.37,234.43,334.4,44,0.5496,0,62.78,25.39,0.87,Increase Machinery Efficiency,Average
2023-01-01 04:43:00,SN-SITE-004,31.18,48.6,0.55,235.56,201.9,44,0.5964,0,0.0,2.0,0.62,Increase Machinery Efficiency,Average
2023-01-01 04:44:00,SN-SITE-005,33.64,48.99,14.06,240.24,365.04,39,0.5581,0,71.04,26.48,0.36,Increase Machinery Efficiency,Average
2023-01-01 04:45:00,SN-SITE-001,29.72,47.56,11.95,238.93,389.69,45,0.5575,0,77.16,31.78,0.13,Increase Machinery Efficiency,Average
2023-01-01 04:46:00,SN-SITE-002,32.52,47.93,24.38,239.72,396.99,41,0.597,0,78.11,38.22,0.7,Increase Machinery Efficiency,Average
2023-01-01 04:47:00,SN-SITE-003,33.52,46.57,2.77,245.07,376.83,49,0.5628,0,68.35,24.79,0.98,Increase Machinery Efficiency,Average
2023-01-01 04:48:00,SN-SITE-004,29.87,46.92,4.03,247.0,349.26,40,0.5384,0,66.19,22.9,0.67,Increase Machinery Efficiency,Average
2023-01-01 04:49:00,SN-SITE-005,33.49,46.27,8.69,247.54,190.23,42,0.5879,0,0.0,12.13,0.19,Increase Machinery Efficiency,Average
2023-01-01 04:50:00,SN-SITE-001,34.04,46.19,5.29,248.05,365.54,45,0.5775,0,76.58,29.91,0.49,Increase Machinery Efficiency,Average
2023-01-01 04:51:00,SN-SITE-002,34.09,41.33,8.02,251.12,364.75,47,0.5629,0,79.76,27.04,0.3,Increase Machinery Efficiency,Average
2023-01-01 04:52:00,SN-SITE-003,30.24,46.11,35.97,252.88,290.31,46,0.5958,0,0.0,24.07,0.93,Increase Machinery Efficiency,Average
2023-01-01 04:53:00,SN-SITE-004,30.58,48.16,26.81,244.46,433.42,49,0.5818,0,84.97,45.05,0.82,Increase Machinery Efficiency,Average
2023-01-01 04:54:00,SN-SITE-005,34.45,45.53,14.3,249.26,366.32,41,0.5849,0,66.58,31.39,0.71,Increase Machinery Efficiency,Average
2023-01-01 04:55:00,SN-SITE-001,34.46,44.31,15.89,253.58,405.53,46,0.6026,0,82.48,39.75,0.76,Increase Machinery Efficiency,Good
2023-01-01 04:56:00,SN-SITE-002,31.18,47.44,22.91,246.57,263.51,46,0.6008,2,0.0,39.3,0.71,Enhance Safety Measures,Poor
2023-01-01 04:57:00,SN-SITE-003,30.78,41.74,7.52,261.19,361.72,42,0.6127,0,63.99,32.56,0.62,Increase Machinery Efficiency,Average
2023-01-01 04:58:00,SN-SITE-004,34.24,38.99,1.63,258.46,162.47,41,0.5843,0,0.0,17.23,0.41,Increase Machinery Efficiency,Average
2023-01-01 04:59:00,SN-SITE-005,29.87,46.11,34.7,253.69,431.4,49,0.604,0,81.97,38.81,0.11,Increase Machinery Efficiency,Good
2023-01-01 05:00:00,SN-SITE-001,33.8,43.23,8.78,251.55,396.26,47,0.6265,0,72.16,27.77,0.18,Increase Machinery Efficiency,Average
2023-01-01 05:01:00,SN-SITE-002,30.34,41.38,9.16,267.11,345.33,39,0.5934,0,80.75,26.06,0.41,Increase Machinery Efficiency,Good
2023-01-01 05:02:00,SN-SITE-003,30.67,44.54,1.96,251.88,360.55,48,0.6066,0,88.72,35.44,0.51,Increase Machinery Efficiency,Good
2023-01-01 05:03:00,SN-SITE-004,32.97,44.67,8.38,253.67,371.34,46,0.5821,0,72.88,24.95,0.08,Increase Machinery Efficiency,Average
2023-01-01 05:04:00,SN-SITE-005,33.83,48.96,13.23,251.82,372.16,41,0.6073,0,82.7,34.08,0.65,Increase Machinery Efficiency,Average
2023-01-01 05:05:00,SN-SITE-001,33.88,45.89,25.49,254.23,404.14,42,0.6209,0,57.42,32.1,0.37,Increase Machinery Efficiency,Average
2023-01-01 05:06:00,SN-SITE-002,33.05,47.87,1.05,256.42,318.36,40,0.6514,2,73.75,57.71,0.18,Enhance Safety Measures,Average
2023-01-01 05:07:00,SN-SITE-003,31.54,47.93,10.17,279.84,219.23,48,0.6211,0,0.0,10.1,0.36,Increase Machinery Efficiency,Average
2023-01-01 05:08:00,SN-SITE-004,31.63,46.45,15.52,257.03,400.38,46,0.5981,0,77.62,37.01,0.76,Increase Machinery Efficiency,Average
2023-01-01 05:09:00,SN-SITE-005,33.2,46.79,17.43,269.63,400.69,46,0.6164,0,72.43,33.25,0.47,Increase Machinery Efficiency,Average
2023-01-01 05:10:00,SN-SITE-001,33.88,44.27,22.81,258.15,400.34,43,0.6154,0,69.95,34.09,0.76,Increase Machinery Efficiency,Average
2023-01-01 05:11:00,SN-SITE-002,31.51,44.69,34.66,257.97,424.92,41,0.647,0,71.43,39.85,0.47,Increase Machinery Efficiency,Average
2023-01-01 05:12:00,SN-SITE-003,31.82,46.3,2.31,265.4,365.41,45,0.6751,0,69.27,24.33,0.36,Increase Machinery Efficiency,Good
2023-01-01 05:13:00,SN-SITE-004,31.95,46.11,5.77,275.28,374.29,49,0.6204,0,74.14,25.98,1.18,Increase Machinery Efficiency,Good
2023-01-01 05:14:00,SN-SITE-005,32.94,55.12,21.24,268.0,395.81,42,0.6332,0,74.35,37.84,0.63,Increase Machinery Efficiency,Average
2023-01-01 05:15:00,SN-SITE-001,31.45,46.72,9.97,259.74,356.42,41,0.6123,0,66.19,22.73,0.18,Increase Machinery Efficiency,Average
2023-01-01 05:16:00,SN-SITE-002,32.84,43.39,18.3,276.26,370.24,40,0.6056,0,65.2,30.25,0.57,Increase Machinery Efficiency,Average
2023-01-01 05:17:00,SN-SITE-003,33.18,42.01,10.74,262.16,384.36,49,0.6144,0,70.37,32.06,0.18,Increase Machinery Efficiency,Average
2023-01-01 05:18:00,SN-SITE-004,33.64,40.95,4.35,261.41,376.97,46,0.6315,0,75.86,32.74,0.63,Increase Machinery Efficiency,Average
2023-01-01 05:19:00,SN-SITE-005,33.56,49.58,4.11,265.7,339.74,42,0.6076,0,75.99,26.36,0.71,Increase Machinery Efficiency,Good
2023-01-01 05:20:00,SN-SITE-001,31.01,42.48,11.58,264.77,252.42,49,0.6122,0,0.0,5.99,0.58,Increase Machinery Efficiency,Average
2023-01-01 05:21:00,SN-SITE-002,32.98,47.75,35.76,274.52,418.21,45,0.6215,0,80.04,43.89,0.46,Increase Machinery Efficiency,Average
2023-01-01 05:22:00,SN-SITE-003,33.56,47.72,20.27,275.12,252.58,43,0.6434,1,0.0,25.97,0.46,Enhance Safety Measures,Poor
2023-01-01 05:23:00,SN-SITE-004,31.87,42.76,6.66,275.93,349.53,39,0.6507,0,72.71,32.24,1.01,Increase Machinery Efficiency,Good
2023-01-01 05:24:00,SN-SITE-005,32.32,46.49,25.72,271.54,413.87,46,0.6713,0,67.41,33.06,0.32,Increase Machinery Efficiency,Good
2023-01-01 05:25:00,SN-SITE-001,35.01,48.21,14.8,279.33,351.14,39,0.6589,0,73.96,34.41,0.19,Increase Machinery Efficiency,Good
2023-01-01 05:26:00,SN-SITE-002,29.96,39.77,16.53,277.62,372.17,48,0.6614,0,76.85,32.05,0.15,Increase Machinery Efficiency,Good
2023-01-01 05:27:00,SN-SITE-003,36.17,47.05,36.25,277.62,453.51,44,0.66,0,79.58,38.33,0.83,Increase Machinery Efficiency,Good
2023-01-01 05:28:00,SN-SITE-004,34.76,48.83,33.22,271.74,408.63,39,0.6545,0,63.37,26.03,0.36,Increase Machinery Efficiency,Good
2023-01-01 05:29:00,SN-SITE-005,32.48,44.81,24.5,285.98,417.56,45,0.6634,0,77.45,35.53,1.21,Increase Machinery Efficiency,Good
2023-01-01 05:30:00,SN-SITE-001,35.38,43.56,19.96,275.14,391.97,42,0.6214,0,79.74,35.3,0.56,Increase Machinery Efficiency,Average
2023-01-01 05:31:00,SN-SITE-002,31.5,43.75,5.75,274.93,355.08,40,0.671,0,76.41,29.1,0.71,Increase Machinery Efficiency,Good
2023-01-01 05:32:00,SN-SITE-003,33.74,37.56,18.79,272.91,417.04,48,0.6615,0,80.83,28.34,0.38,Increase Machinery Efficiency,Good
2023-01-01 05:33:00,SN-SITE-004,30.87,42.68,22.74,271.78,232.78,39,0.6431,0,0.0,17.73,0.34,Increase Machinery Efficiency,Average
2023-01-01 05:34:00,SN-SITE-005,35.32,46.37,17.51,282.79,407.99,46,0.6486,0,69.72,30.61,0.65,Increase Machinery Efficiency,Good
2023-01-01 05:35:00,SN-SITE-001,32.0,41.09,21.15,279.93,423.37,47,0.6589,0,77.18,30.01,0.56,Increase Machinery Efficiency,Good
2023-01-01 05:36:00,SN-SITE-002,34.27,44.9,11.38,279.67,390.6,43,0.697,0,86.35,33.12,0.32,Increase Machinery Efficiency,Good
2023-01-01 05:37:00,SN-SITE-003,33.29,47.84,8.64,280.24,214.97,43,0.6309,0,0.0,9.05,0.37,Increase Machinery Efficiency,Average
2023-01-01 05:38:00,SN-SITE-004,32.42,44.55,13.76,285.77,352.35,39,0.6589,0,79.04,29.45,1.01,Increase Machinery Efficiency,Good
2023-01-01 05:39:00,SN-SITE-005,32.17,47.76,24.99,281.1,380.67,39,0.6785,0,71.25,33.77,0.81,Increase Machinery Efficiency,Good
2023-01-01 05:40:00,SN-SITE-001,36.79,41.5,33.3,284.98,402.53,41,0.6828,0,76.89,41.97,0.07,Increase Machinery Efficiency,Average
2023-01-01 05:41:00,SN-SITE-002,31.98,44.07,16.59,289.07,421.27,48,0.7009,0,76.07,33.32,0.52,Increase Machinery Efficiency,Good
2023-01-01 05:42:00,SN-SITE-003,33.79,49.29,23.25,297.24,414.39,45,0.6712,0,74.32,36.67,0.25,Increase Machinery Efficiency,Average
2023-01-01 05:43:00,SN-SITE-004,34.02,42.42,4.48,292.46,349.34,46,0.6914,0,61.48,26.15,0.36,Increase Machinery Efficiency,Good
2023-01-01 05:44:00,SN-SITE-005,34.73,44.67,31.89,287.02,443.04,49,0.6816,0,81.48,35.36,0.62,Increase Machinery Efficiency,Good
2023-01-01 05:45:00,SN-SITE-001,34.67,56.33,12.78,293.66,389.88,47,0.6885,0,75.31,25.18,0.76,Increase Machinery Efficiency,Good
2023-01-01 05:46:00,SN-SITE-002,31.35,47.0,22.92,282.71,378.42,40,0.682,0,77.97,38.75,0.6,Increase Machinery Efficiency,Good
2023-01-01 05:47:00,SN-SITE-003,33.0,45.46,9.8,290.42,369.57,44,0.6903,0,70.91,28.37,0.21,Increase Machinery Efficiency,Good
2023-01-01 05:48:00,SN-SITE-004,34.03,40.54,28.48,297.66,392.67,39,0.6927,0,60.52,38.15,0.11,Increase Machinery Efficiency,Average
2023-01-01 05:49:00,SN-SITE-005,33.48,43.54,16.81,287.71,375.63,39,0.6635,0,73.86,31.94,0.4,Increase Machinery Efficiency,Average
2023-01-01 05:50:00,SN-SITE-001,31.99,43.79,9.34,285.53,375.25,41,0.7042,0,72.16,25.86,0.19,Increase Machinery Efficiency,Good
2023-01-01 05:51:00,SN-SITE-002,32.33,41.45,23.46,300.53,266.01,49,0.7123,0,0.0,16.31,0.64,Increase Machinery Efficiency,Average
2023-01-01 05:52:00,SN-SITE-003,32.94,42.54,4.71,286.8,363.91,47,0.6998,0,70.74,26.6,0.77,Increase Machinery Efficiency,Good
2023-01-01 05:53:00,SN-SITE-004,31.33,46.38,9.78,292.87,397.41,48,0.7177,0,64.72,28.09,0.49,Increase Machinery Efficiency,Good
2023-01-01 05:54:00,SN-SITE-005,32.97,42.48,21.54,287.96,250.29,45,0.6803,0,0.0,18.29,0.63,Increase Machinery Efficiency,Average
2023-01-01 05:55:00,SN-SITE-001,33.91,45.83,3.33,294.34,206.99,47,0.7066,0,0.0,5.47,0.85,Increase Machinery Efficiency,Average
2023-01-01 05:56:00,SN-SITE-002,33.84,40.05,17.55,299.29,396.55,49,0.7238,0,86.47,38.87,0.3,Increase Machinery Efficiency,Good
2023-01-01 05:57:00,SN-SITE-003,33.79,40.96,15.13,299.49,368.36,43,0.6846,0,63.27,29.79,0.07,Increase Machinery Efficiency,Good
2023-01-01 05:58:00,SN-SITE-004,31.69,49.85,7.46,295.45,384.75,48,0.7284,0,72.93,35.84,0.58,Increase Machinery Efficiency,Good
2023-01-01 05:59:00,SN-SITE-005,30.57,47.72,16.52,308.52,365.15,39,0.7074,0,74.48,32.55,0.73,Increase Machinery Efficiency,Good
2023-01-01 06:00:00,SN-SITE-001,33.54,46.76,19.95,299.62,388.23,42,0.7482,0,78.15,37.32,0.68,Increase Machinery Efficiency,Good
2023-01-01 06:01:00,SN-SITE-002,31.95,46.92,3.41,295.43,371.28,46,0.746,0,74.44,28.94,0.87,Increase Machinery Efficiency,Good
2023-01-01 06:02:00,SN-SITE-003,33.61,43.99,15.29,298.28,386.42,46,0.7005,0,78.71,33.64,0.17,Increase Machinery Efficiency,Good
2023-01-01 06:03:00,SN-SITE-004,35.39,47.69,1.55,303.48,329.03,42,0.717,0,78.83,27.35,0.45,Increase Machinery Efficiency,Good
2023-01-01 06:04:00,SN-SITE-005,33.31,42.9,20.48,300.27,395.98,40,0.7632,0,71.59,35.67,1.06,Increase Machinery Efficiency,Good
2023-01-01 06:05:00,SN-SITE-001,32.68,47.45,4.44,293.57,333.28,39,0.746,0,84.52,30.27,0.59,Increase Machinery Efficiency,Good
2023-01-01 06:06:00,SN-SITE-002,31.91,43.23,28.63,298.91,392.28,39,0.7192,0,61.16,33.3,0.6,Increase Machinery Efficiency,Good
2023-01-01 06:07:00,SN-SITE-003,31.6,47.13,32.89,305.3,457.64,47,0.7183,0,84.18,41.75,0.28,Increase Machinery Efficiency,Good
2023-01-01 06:08:00,SN-SITE-004,34.94,46.48,4.82,298.43,357.41,42,0.7316,0,59.07,21.05,0.06,Increase Machinery Efficiency,Good
2023-01-01 06:09:00,SN-SITE-005,29.35,46.26,11.03,298.02,381.17,43,0.7287,0,61.61,26.76,0.48,Increase Machinery Efficiency,Good
2023-01-01 06:10:00,SN-SITE-001,32.72,40.2,2.82,302.27,351.69,43,0.7219,0,89.44,34.07,0.47,Increase Machinery Efficiency,Good
2023-01-01 06:11:00,SN-SITE-002,34.79,42.59,31.58,313.52,424.75,45,0.7562,0,76.42,31.8,0.68,Increase Machinery Efficiency,Good
2023-01-01 06:12:00,SN-SITE-003,31.48,48.0,11.4,304.99,215.87,46,0.7717,0,0.0,20.39,0.82,Increase Machinery Efficiency,Average
2023-01-01 06:13:00,SN-SITE-004,32.9,44.31,13.63,299.74,381.67,44,0.7558,1,70.15,43.62,0.75,Enhance Safety Measures,Average
2023-01-01 06:14:00,SN-SITE-005,32.59,44.43,7.92,304.2,369.26,41,0.7098,0,65.58,25.97,0.77,Increase Machinery Efficiency,Good
2023-01-01 06:15:00,SN-SITE-001,33.85,43.86,26.04,309.65,261.22,42,0.7952,0,0.0,16.39,1.02,Increase Machinery Efficiency,Average
2023-01-01 06:16:00,SN-SITE-002,35.16,48.13,10.17,310.39,417.92,49,0.7512,0,79.44,30.87,0.29,Increase Machinery Efficiency,Good
2023-01-01 06:17:00,SN-SITE-003,32.33,45.6,10.08,309.56,353.26,40,0.7363,0,73.62,30.86,0.17,Increase Machinery Efficiency,Good
2023-01-01 06:18:00,SN-SITE-004,31.47,44.1,3.55,315.43,374.36,47,0.7877,0,80.4,27.33,0.36,Increase Machinery Efficiency,Good
2023-01-01 06:19:00,SN-SITE-005,32.01,43.09,17.08,311.66,370.32,39,0.7443,0,68.04,29.22,0.72,Increase Machinery Efficiency,Good
2023-01-01 06:20:00,SN-SITE-001,35.91,44.65,16.53,318.36,373.26,40,0.7643,0,81.3,30.83,0.75,Increase Machinery Efficiency,Good
2023-01-01 06:21:00,SN-SITE-002,35.94,44.1,13.13,339.46,353.83,40,0.7612,0,60.58,29.98,0.07,Increase Machinery Efficiency,Good
2023-01-01 06:22:00,SN-SITE-003,33.61,48.09,9.25,316.62,356.53,42,0.7437,0,88.18,25.25,0.13,Increase Machinery Efficiency,Good
2023-01-01 06:23:00,SN-SITE-004,33.89,45.51,7.25,311.9,351.65,41,0.8017,0,71.35,30.02,0.49,Increase Machinery Efficiency,Good
2023-01-01 06:24:00,SN-SITE-005,32.02,44.48,4.01,311.44,360.41,43,0.7505,0,77.1,33.47,0.36,Increase Machinery Efficiency,Good
2023-01-01 06:25:00,SN-SITE-001,34.48,33.94,6.8,323.06,365.61,44,0.7775,1,62.4,34.71,0.2,Enhance Safety Measures,Good
2023-01-01 06:26:00,SN-SITE-002,32.58,44.83,9.53,313.85,198.41,39,0.7579,0,0.0,11.69,0.45,Increase Machinery Efficiency,Average
2023-01-01 06:27:00,SN-SITE-003,31.68,45.89,40.82,326.74,441.6,41,0.7931,0,75.43,40.75,0.27,Increase Machinery Efficiency,Good
2023-01-01 06:28:00,SN-SITE-004,33.32,41.12,11.74,318.66,386.54,46,0.764,0,70.65,29.77,0.51,Increase Machinery Efficiency,Good
2023-01-01 06:29:00,SN-SITE-005,32.49,48.58,16.98,318.26,409.56,48,0.7858,0,88.92,31.2,0.21,Increase Machinery Efficiency,Good
2023-01-01 06:30:00,SN-SITE-001,33.26,42.63,6.7,334.43,369.82,45,0.782,0,53.9,23.76,0.14,Increase Machinery Efficiency,Good
2023-01-01 06:31:00,SN-SITE-002,32.89,41.64,24.88,321.32,391.65,41,0.8126,0,59.65,32.54,0.03,Increase Machinery Efficiency,Good
2023-01-01 06:32:00,SN-SITE-003,33.45,42.11,6.1,320.49,359.19,40,0.8209,0,72.94,27.48,0.65,Increase Machinery Efficiency,Good
2023-01-01 06:33:00,SN-SITE-004,33.11,42.68,19.89,317.57,403.7,46,0.773,0,68.2,29.88,0.22,Increase Machinery Efficiency,Good
2023-01-01 06:34:00,SN-SITE-005,35.73,44.45,11.58,328.85,346.49,42,0.788,0,75.09,28.67,0.35,Increase Machinery Efficiency,Good
2023-01-01 06:35:00,SN-SITE-001,34.04,43.76,36.51,320.95,416.89,39,0.7741,0,74.58,44.37,0.69,Increase Machinery Efficiency,Good
2023-01-01 06:36:00,SN-SITE-002,32.41,44.75,15.91,371.29,372.34,46,0.7837,0,62.86,31.89,0.45,Increase Machinery Efficiency,Good
2023-01-01 06:37:00,SN-SITE-003,33.7,43.74,23.25,332.34,424.17,47,0.842,0,73.52,32.99,0.28,Increase Machinery Efficiency,Good
2023-01-01 06:38:00,SN-SITE-004,32.02,43.51,8.32,325.27,370.97,43,0.8083,1,69.3,41.47,0.2,Enhance Safety Measures,Good
2023-01-01 06:39:00,SN-SITE-005,32.88,38.46,7.3,347.86,364.31,44,0.7776,0,72.53,38.04,0.97,Increase Machinery Efficiency,Good
2023-01-01 06:40:00,SN-SITE-001,31.38,46.1,13.42,344.72,384.23,44,0.8124,0,61.42,24.54,0.87,Increase Machinery Efficiency,Good
2023-01-01 06:41:00,SN-SITE-002,31.34,46.3,3.08,325.26,352.71,44,0.8125,0,89.05,25.22,0.05,Increase Machinery Efficiency,Good
2023-01-01 06:42:00,SN-SITE-003,33.09,48.83,2.68,333.28,367.3,47,0.8462,2,70.87,50.05,0.52,Enhance Safety Measures,Average
2023-01-01 06:43:00,SN-SITE-004,30.75,42.27,23.42,368.09,389.22,39,0.7973,0,78.17,37.99,0.03,Increase Machinery Efficiency,Good
2023-01-01 06:44:00,SN-SITE-005,33.07,47.26,19.76,334.27,383.14,41,0.8307,0,60.47,24.65,0.32,Increase Machinery Efficiency,Good
2023-01-01 06:45:00,SN-SITE-001,32.28,45.5,13.2,335.81,384.68,43,0.8235,0,60.46,33.28,0.93,Increase Machinery Efficiency,Good
2023-01-01 06:46:00,SN-SITE-002,32.92,49.16,17.46,333.88,392.91,46,0.8013,0,70.12,27.99,0.2,Increase Machinery Efficiency,Good
2023-01-01 06:47:00,SN-SITE-003,33.91,47.79,15.74,339.42,383.89,42,0.8399,0,79.98,33.26,0.89,Increase Machinery Efficiency,Good
2023-01-01 06:48:00,SN-SITE-004,34.34,49.07,10.1,331.11,396.16,49,0.8355,0,66.28,25.34,0.65,Increase Machinery Efficiency,Good
2023-01-01 06:49:00,SN-SITE-005,33.44,45.93,7.29,332.92,226.44,44,0.8176,1,0.0,22.53,0.2,Enhance Safety Measures,Average
2023-01-01 06:50:00,SN-SITE-001,31.51,45.45,20.41,351.92,388.54,44,0.8424,0,65.81,31.87,0.3,Increase Machinery Efficiency,Good
2023-01-01 06:51:00,SN-SITE-002,33.77,47.26,16.69,346.29,350.22,39,0.8733,0,78.04,34.92,0.62,Increase Machinery Efficiency,Good
2023-01-01 06:52:00,SN-SITE-003,35.0,49.49,33.47,337.35,416.68,43,0.8601,0,92.69,43.97,0.08,Increase Machinery Efficiency,Good
2023-01-01 06:53:00,SN-SITE-004,33.27,45.43,23.92,347.76,428.33,47,0.7843,0,81.72,42.65,0.5,Increase Machinery Efficiency,Good
2023-01-01 06:54:00,SN-SITE-005,29.96,43.53,25.93,335.75,400.78,42,0.8276,0,83.57,45.72,0.03,Increase Machinery Efficiency,Good
2023-01-01 06:55:00,SN-SITE-001,30.9,46.63,4.34,341.25,321.54,39,0.8179,0,65.79,20.9,1.18,Increase Machinery Efficiency,Good
2023-01-01 06:56:00,SN-SITE-002,33.27,46.37,24.24,350.65,427.29,49,0.823,0,70.84,28.69,0.62,Increase Machinery Efficiency,Good
2023-01-01 06:57:00,SN-SITE-003,32.31,42.24,16.53,339.82,381.57,45,0.859,0,70.91,32.88,0.87,Increase Machinery Efficiency,Good
2023-01-01 06:58:00,SN-SITE-004,36.18,42.54,18.14,367.31,399.33,49,0.7983,0,72.88,36.08,0.36,Increase Machinery Efficiency,Good
2023-01-01 06:59:00,SN-SITE-005,32.02,44.25,5.91,387.92,369.71,46,0.824,0,55.79,25.32,0.19,Increase Machinery Efficiency,Good
2023-01-01 07:00:00,SN-SITE-001,32.39,44.33,11.54,341.35,394.57,47,0.8341,0,62.53,27.54,0.36,Increase Machinery Efficiency,Good
2023-01-01 07:01:00,SN-SITE-002,33.55,46.98,5.0,352.05,349.01,44,0.8531,0,70.13,26.39,0.6,Increase Machinery Efficiency,Good
2023-01-01 07:02:00,SN-SITE-003,29.13,47.22,3.21,345.07,368.92,49,0.8573,0,75.61,30.42,1.14,Increase Machinery Efficiency,Good
2023-01-01 07:03:00,SN-SITE-004,34.03,43.23,6.83,342.17,376.5,48,0.8262,0,62.33,23.83,0.25,Increase Machinery Efficiency,Good
2023-01-01 07:04:00,SN-SITE-005,32.32,42.48,16.92,353.64,366.11,39,0.8375,0,68.6,35.75,0.66,Increase Machinery Efficiency,Good
2023-01-01 07:05:00,SN-SITE-001,30.56,41.83,14.19,347.6,396.32,44,0.8545,0,65.37,28.21,0.53,Increase Machinery Efficiency,Good
2023-01-01 07:06:00,SN-SITE-002,32.05,42.95,3.86,359.84,382.89,48,0.8674,0,62.98,26.07,0.11,Increase Machinery Efficiency,Good
2023-01-01 07:07:00,SN-SITE-003,34.41,45.98,9.93,345.88,361.11,44,0.8605,0,73.54,28.69,0.06,Increase Machinery Efficiency,Good
2023-01-01 07:08:00,SN-SITE-004,33.08,47.92,17.02,356.18,416.0,46,0.9114,0,79.59,36.53,0.83,Increase Machinery Efficiency,Good
2023-01-01 07:09:00,SN-SITE-005,28.54,46.23,22.49,358.17,256.09,44,0.8949,0,0.0,18.33,0.43,Increase Machinery Efficiency,Good
2023-01-01 07:10:00,SN-SITE-001,33.31,46.63,17.81,347.54,409.81,47,0.854,0,91.05,37.14,0.42,Increase Machinery Efficiency,Good
2023-01-01 07:11:00,SN-SITE-002,32.16,41.88,13.56,349.45,377.47,42,0.8911,0,64.74,28.66,0.79,Increase Machinery Efficiency,Good
2023-01-01 07:12:00,SN-SITE-003,32.93,48.28,11.58,347.04,345.74,40,0.8695,0,72.49,29.16,0.85,Increase Machinery Efficiency,Good
2023-01-01 07:13:00,SN-SITE-004,30.68,46.71,2.05,347.93,362.44,48,0.8952,0,71.21,24.12,0.42,Increase Machinery Efficiency,Good
2023-01-01 07:14:00,SN-SITE-005,34.09,46.68,18.93,363.35,375.01,39,0.8713,1,74.37,49.8,0.48,Enhance Safety Measures,Good
2023-01-01 07:15:00,SN-SITE-001,34.05,45.57,26.0,382.97,431.28,46,0.8436,0,80.16,37.72,0.82,Increase Machinery Efficiency,Good
2023-01-01 07:16:00,SN-SITE-002,32.78,46.84,22.33,358.47,366.51,39,0.8231,0,67.31,33.35,0.22,Increase Machinery Efficiency,Good
2023-01-01 07:17:00,SN-SITE-003,32.57,45.87,6.32,350.85,385.11,48,0.885,0,63.76,24.39,1.14,Increase Machinery Efficiency,Good
2023-01-01 07:18:00,SN-SITE-004,34.24,45.41,12.45,366.38,362.84,42,0.9022,0,87.71,30.03,1.27,Increase Machinery Efficiency,Excellent
2023-01-01 07:19:00,SN-SITE-005,33.26,49.72,3.68,354.58,224.6,47,0.8366,0,0.0,11.17,0.24,Increase Machinery Efficiency,Average
2023-01-01 07:20:00,SN-SITE-001,32.13,44.47,11.47,370.88,375.78,44,0.8941,0,88.21,36.61,1.04,Increase Machinery Efficiency,Good
2023-01-01 07:21:00,SN-SITE-002,32.24,46.56,10.33,363.14,371.55,42,0.8702,0,65.09,31.84,0.53,Increase Machinery Efficiency,Good
2023-01-01 07:22:00,SN-SITE-003,33.21,43.7,12.6,372.32,380.99,44,0.8824,0,74.17,26.86,0.88,Increase Machinery Efficiency,Good
2023-01-01 07:23:00,SN-SITE-004,35.25,47.53,0.74,362.11,340.81,44,0.8978,0,74.89,29.09,0.95,Increase Machinery Efficiency,Good
2023-01-01 07:24:00,SN-SITE-005,31.77,44.56,42.46,358.17,435.94,47,0.8849,0,68.54,41.03,0.48,Increase Machinery Efficiency,Good
2023-01-01 07:25:00,SN-SITE-001,31.81,47.1,21.05,368.26,378.84,44,0.8996,0,74.56,37.41,0.49,Increase Machinery Efficiency,Good
2023-01-01 07:26:00,SN-SITE-002,33.66,46.38,30.64,365.17,416.77,39,0.8848,0,74.54,38.09,0.29,Increase Machinery Efficiency,Good
2023-01-01 07:27:00,SN-SITE-003,31.65,43.48,11.02,374.3,360.35,42,0.9082,0,77.81,31.14,0.53,Increase Machinery Efficiency,Good
2023-01-01 07:28:00,SN-SITE-004,31.04,53.46,15.98,373.75,234.49,41,0.8735,0,0.0,13.42,0.45,Increase Machinery Efficiency,Good
2023-01-01 07:29:00,SN-SITE-005,30.83,44.76,5.98,369.14,367.71,44,0.9039,0,71.37,26.61,0.52,Increase Machinery Efficiency,Good
2023-01-01 07:30:00,SN-SITE-001,34.58,47.79,9.71,378.08,346.17,42,0.9005,0,72.55,31.15,1.01,Increase Machinery Efficiency,Good
2023-01-01 07:31:00,SN-SITE-002,31.1,48.03,41.59,364.7,424.9,38,0.9148,0,70.0,35.44,0.87,Increase Machinery Efficiency,Good
2023-01-01 07:32:00,SN-SITE-003,32.03,42.53,28.49,386.29,398.56,39,0.919,0,55.89,34.72,0.68,Increase Machinery Efficiency,Good
2023-01-01 07:33:00,SN-SITE-004,30.13,47.12,8.43,365.32,202.12,42,0.8811,0,0.0,13.51,0.5,Increase Machinery Efficiency,Average
2023-01-01 07:34:00,SN-SITE-005,32.23,44.51,39.75,379.97,461.98,46,0.9276,0,75.89,41.7,0.68,Increase Machinery Efficiency,Good
2023-01-01 07:35:00,SN-SITE-001,31.72,43.85,14.04,370.99,220.78,45,0.8782,1,0.0,31.19,0.68,Enhance Safety Measures,Average
2023-01-01 07:36:00,SN-SITE-002,32.06,44.92,11.28,373.82,366.2,42,0.878,0,74.14,31.52,1.02,Increase Machinery Efficiency,Good
2023-01-01 07:37:00,SN-SITE-003,31.66,57.33,24.14,369.69,416.77,43,0.918,0,78.49,32.12,0.23,Increase Machinery Efficiency,Good
2023-01-01 07:38:00,SN-SITE-004,32.34,47.95,2.73,381.15,344.2,40,0.8998,0,83.59,30.68,0.58,Increase Machinery Efficiency,Good
2023-01-01 07:39:00,SN-SITE-005,32.0,44.34,17.0,380.94,387.77,44,0.8948,0,73.78,33.1,0.75,Increase Machinery Efficiency,Good
2023-01-01 07:40:00,SN-SITE-001,31.95,46.3,2.95,375.81,321.6,41,0.9449,0,76.31,28.72,0.84,Increase Machinery Efficiency,Excellent
2023-01-01 07:41:00,SN-SITE-002,31.2,49.0,6.9,379.3,335.9,38,0.9379,0,65.22,30.54,0.98,Increase Machinery Efficiency,Good
2023-01-01 07:42:00,SN-SITE-003,31.21,50.44,30.08,380.22,394.77,38,0.9189,0,67.47,40.14,0.93,Increase Machinery Efficiency,Good
2023-01-01 07:43:00,SN-SITE-004,33.49,47.73,17.11,389.38,220.0,38,0.912,0,0.0,18.95,0.04,Increase Machinery Efficiency,Good
2023-01-01 07:44:00,SN-SITE-005,32.0,45.13,5.81,397.83,338.2,39,0.9579,0,73.6,31.23,0.68,Increase Machinery Efficiency,Good
2023-01-01 07:45:00,SN-SITE-001,33.96,48.32,18.75,377.86,392.81,45,0.9261,0,69.11,26.7,0.41,Increase Machinery Efficiency,Good
2023-01-01 07:46:00,SN-SITE-002,31.53,43.85,12.25,379.34,360.83,38,0.9615,0,75.57,28.43,0.6,Increase Machinery Efficiency,Good
2023-01-01 07:47:00,SN-SITE-003,31.3,43.42,16.75,390.27,391.36,43,0.9023,0,77.26,34.53,0.68,Increase Machinery Efficiency,Good
2023-01-01 07:48:00,SN-SITE-004,33.72,51.46,2.86,380.93,344.4,44,0.9713,0,77.82,29.12,0.43,Increase Machinery Efficiency,Excellent
2023-01-01 07:49:00,SN-SITE-005,31.9,43.59,12.98,396.55,362.47,42,0.9249,2,67.72,55.14,0.24,Adjust Schedule,Average
2023-01-01 07:50:00,SN-SITE-001,31.66,47.73,10.19,388.6,352.97,38,0.9103,0,60.41,25.94,0.6,Increase Machinery Efficiency,Good
2023-01-01 07:51:00,SN-SITE-002,31.56,52.89,8.31,390.75,376.19,45,0.9271,0,70.75,29.08,0.25,Increase Machinery Efficiency,Good
2023-01-01 07:52:00,SN-SITE-003,34.16,49.63,15.19,393.02,384.77,42,0.9212,0,59.28,26.9,0.15,Increase Machinery Efficiency,Good
2023-01-01 07:53:00,SN-SITE-004,32.13,41.32,3.09,390.57,352.85,46,0.9851,0,73.93,26.42,0.6,Increase Machinery Efficiency,Excellent
2023-01-01 07:54:00,SN-SITE-005,33.01,49.37,6.61,386.81,354.01,47,0.8909,0,65.86,24.94,0.64,Increase Machinery Efficiency,Good
2023-01-01 07:55:00,SN-SITE-001,33.66,43.48,19.94,391.79,387.46,39,0.9499,0,48.44,32.28,0.53,Increase Machinery Efficiency,Good
2023-01-01 07:56:00,SN-SITE-002,32.65,44.6,17.75,400.47,364.62,42,0.9611,0,82.33,31.83,0.6,Increase Machinery Efficiency,Excellent
2023-01-01 07:57:00,SN-SITE-003,30.4,49.82,28.21,400.4,423.99,43,0.9346,0,79.21,35.92,0.91,Increase Machinery Efficiency,Good
2023-01-01 07:58:00,SN-SITE-004,32.54,50.37,20.64,387.14,263.0,45,0.9398,0,0.0,16.26,0.69,Increase Machinery Efficiency,Good
2023-01-01 07:59:00,SN-SITE-005,33.91,49.89,11.67,390.04,346.1,41,0.9643,0,73.6,29.08,0.51,Increase Machinery Efficiency,Good
2023-01-01 08:00:00,SN-SITE-001,33.25,54.52,5.54,415.4,371.86,47,0.972,0,84.21,25.59,0.3,Increase Machinery Efficiency,Excellent
2023-01-01 08:01:00,SN-SITE-002,32.27,51.34,10.09,393.38,402.07,44,1.0,0,76.02,33.95,0.31,Increase Machinery Efficiency,Excellent
2023-01-01 08:02:00,SN-SITE-003,31.14,49.6,16.61,395.15,363.81,40,0.955,0,64.11,28.1,0.34,Increase Machinery Efficiency,Good
2023-01-01 08:03:00,SN-SITE-004,33.26,47.26,8.04,412.88,360.74,43,0.9607,2,72.08,56.4,0.68,Adjust Schedule,Average
2023-01-01 08:04:00,SN-SITE-005,29.11,49.57,25.58,408.37,425.85,47,0.9603,0,81.1,36.35,0.74,Increase Machinery Efficiency,Good
2023-01-01 08:05:00,SN-SITE-001,33.48,53.7,7.34,393.21,365.53,46,0.9463,0,68.5,27.34,0.9,Increase Machinery Efficiency,Good
2023-01-01 08:06:00,SN-SITE-002,33.75,48.8,41.12,394.64,429.02,37,0.9841,0,75.58,43.48,0.67,Increase Machinery Efficiency,Good
2023-01-01 08:07:00,SN-SITE-003,30.51,46.8,16.38,395.04,357.42,40,0.977,1,67.24,42.19,0.23,Enhance Safety Measures,Good
2023-01-01 08:08:00,SN-SITE-004,31.95,43.81,13.17,405.05,362.02,37,0.9413,2,51.78,53.24,0.34,Adjust Schedule,Average
2023-01-01 08:09:00,SN-SITE-005,29.11,46.74,6.8,411.11,368.96,46,0.9932,0,84.99,30.71,0.83,Increase Machinery Efficiency,Excellent
2023-01-01 08:10:00,SN-SITE-001,31.67,51.39,15.52,399.74,393.48,47,0.9899,0,76.29,37.64,0.81,Increase Machinery Efficiency,Good
2023-01-01 08:11:00,SN-SITE-002,30.84,51.29,32.19,410.3,413.01,41,0.9728,0,75.15,36.28,0.79,Increase Machinery Efficiency,Good
2023-01-01 08:12:00,SN-SITE-003,29.74,50.16,10.16,443.39,369.26,47,0.9695,0,82.07,30.38,1.15,Increase Machinery Efficiency,Excellent
2023-01-01 08:13:00,SN-SITE-004,32.09,45.49,9.02,409.86,347.25,39,1.0,0,58.34,29.74,0.43,Increase Machinery Efficiency,Good
2023-01-01 08:14:00,SN-SITE-005,34.14,48.79,1.52,424.48,345.39,45,1.0,0,78.55,24.62,0.11,Increase Machinery Efficiency,Excellent
2023-01-01 08:15:00,SN-SITE-001,33.09,46.03,3.57,409.27,353.3,42,1.0,0,72.27,25.35,1.09,Increase Machinery Efficiency,Excellent
2023-01-01 08:16:00,SN-SITE-002,31.03,42.77,20.15,407.93,368.89,39,1.0,0,73.42,33.3,0.62,Increase Machinery Efficiency,Good
2023-01-01 08:17:00,SN-SITE-003,33.82,49.22,47.05,406.78,459.83,47,0.992,1,86.58,58.76,0.15,Increase Machinery Efficiency,Good
2023-01-01 08:18:00,SN-SITE-004,33.0,42.3,11.14,407.91,328.53,38,1.0,1,65.33,43.65,0.06,Enhance Safety Measures,Good
2023-01-01 08:19:00,SN-SITE-005,34.65,47.02,16.82,406.15,392.69,43,0.9763,0,66.19,34.58,0.46,Increase Machinery Efficiency,Good
